               epoch,      train/box_loss,      train/obj_loss,      train/cls_loss,   metrics/precision,      metrics/recall,     metrics/mAP_0.5,metrics/mAP_0.5:0.95,        val/box_loss,        val/obj_loss,        val/cls_loss,               x/lr0,               x/lr1,               x/lr2
                   0,             0.11817,            0.052326,            0.041265,           0.0073447,            0.024151,            0.001219,          0.00019578,              0.1111,            0.048434,            0.040182,             0.00018,             0.00018,             0.09838
                   1,             0.11215,            0.055803,            0.039843,            0.013628,            0.050606,           0.0032789,          0.00049879,             0.10409,            0.051362,             0.03873,          0.00036999,          0.00036999,             0.09667
                   2,             0.10547,            0.058709,            0.038228,            0.048314,            0.089179,            0.020656,           0.0037178,            0.097573,            0.054261,            0.036961,          0.00055995,          0.00055995,             0.09496
                   3,            0.099189,            0.062703,             0.03617,            0.062109,             0.10053,            0.044207,            0.010433,            0.091812,            0.055529,            0.034659,          0.00074985,          0.00074985,             0.09325
                   4,            0.093718,            0.064332,            0.033876,             0.76637,             0.11111,            0.072127,            0.020704,            0.086558,            0.054631,            0.031953,          0.00093967,          0.00093967,             0.09154
                   5,            0.086642,            0.064292,            0.030986,             0.46677,             0.15608,             0.11933,             0.03489,            0.081048,            0.054897,            0.029022,           0.0011294,           0.0011294,            0.089829
                   6,            0.081531,            0.060547,            0.027762,             0.82533,             0.16101,             0.15597,            0.047085,            0.073074,            0.054874,            0.025497,            0.001319,            0.001319,            0.088119
                   7,            0.075994,            0.058481,             0.02452,             0.34416,             0.40956,             0.28804,            0.087717,             0.06746,            0.051222,            0.021423,           0.0015084,           0.0015084,            0.086408
                   8,             0.07181,            0.054453,            0.021494,              0.4787,              0.4573,             0.38083,             0.11287,            0.067303,            0.048518,            0.017972,           0.0016976,           0.0016976,            0.084698
                   9,            0.073856,            0.048269,            0.018941,             0.47518,             0.42229,             0.37476,             0.11361,            0.068725,            0.042757,            0.015532,           0.0018866,           0.0018866,            0.082987
                  10,            0.072399,             0.05128,             0.01684,             0.47851,             0.50024,             0.48417,             0.17257,             0.05869,            0.042511,            0.013521,           0.0020754,           0.0020754,            0.081275
                  11,              0.0696,            0.046814,            0.015222,             0.46763,             0.42545,             0.44675,             0.14855,            0.064324,            0.038931,            0.011836,            0.002264,            0.002264,            0.079564
                  12,            0.068638,            0.048254,            0.013005,             0.42132,             0.56737,             0.45969,             0.15963,             0.05816,            0.038418,            0.010675,           0.0024522,           0.0024522,            0.077852
                  13,            0.069368,            0.045067,            0.012674,             0.47452,             0.49274,             0.45853,             0.15176,            0.060349,            0.037879,            0.009817,           0.0026402,           0.0026402,             0.07614
                  14,            0.066203,            0.042309,            0.012217,             0.55489,              0.5278,             0.53461,             0.18128,            0.054183,            0.037488,           0.0094372,           0.0028278,           0.0028278,            0.074428
                  15,            0.065718,             0.04328,             0.01167,             0.47222,             0.60227,             0.54969,             0.21817,            0.056255,            0.036664,           0.0088558,           0.0030151,           0.0030151,            0.072715
                  16,            0.062999,            0.043094,            0.010184,             0.54007,             0.68712,             0.63788,             0.25739,            0.049472,            0.036816,           0.0084987,            0.003202,            0.003202,            0.071002
                  17,            0.062129,            0.044361,            0.010316,             0.53777,             0.55889,             0.55391,             0.22393,            0.053081,            0.035558,           0.0079824,           0.0033884,           0.0033884,            0.069288
                  18,            0.060752,            0.042682,           0.0099943,             0.57438,             0.66898,              0.6596,             0.25931,            0.052417,              0.0353,           0.0080091,           0.0035745,           0.0035745,            0.067574
                  19,            0.060947,            0.043436,           0.0099132,             0.53068,             0.61185,             0.57238,             0.21868,            0.052369,            0.034756,           0.0075845,           0.0037601,           0.0037601,             0.06586
                  20,            0.057803,            0.042243,           0.0096465,             0.68625,             0.60807,             0.67131,             0.28661,             0.04872,            0.034473,            0.007445,           0.0039452,           0.0039452,            0.064145
                  21,            0.057133,            0.038859,            0.009036,             0.68521,             0.67939,             0.67656,             0.26896,              0.0498,            0.035361,            0.006859,           0.0041298,           0.0041298,             0.06243
                  22,            0.056623,            0.040157,           0.0087279,             0.72938,             0.69198,             0.75074,             0.34342,            0.044816,            0.033967,           0.0067631,           0.0043139,           0.0043139,            0.060714
                  23,            0.054667,            0.041584,           0.0085548,             0.52878,             0.67656,             0.61074,             0.25962,            0.049465,            0.034629,           0.0075798,           0.0044975,           0.0044975,            0.058997
                  24,            0.055286,            0.039068,           0.0082344,             0.65685,             0.78056,             0.74441,             0.35259,            0.043148,            0.033465,            0.006295,           0.0046804,           0.0046804,             0.05728
                  25,            0.054333,            0.039616,           0.0081564,             0.56611,             0.75468,              0.7091,             0.30921,            0.045182,             0.03358,           0.0064649,           0.0048628,           0.0048628,            0.055563
                  26,            0.057743,            0.038835,           0.0081959,             0.49476,             0.78635,             0.62726,             0.23887,            0.048806,            0.033236,           0.0063122,           0.0050446,           0.0050446,            0.053845
                  27,            0.060575,            0.038818,           0.0078532,             0.54827,             0.60049,             0.55417,             0.20002,            0.050897,            0.033645,           0.0067935,           0.0052257,           0.0052257,            0.052126
                  28,            0.058018,            0.038546,           0.0082888,             0.43872,             0.56261,             0.48916,             0.14562,            0.053255,            0.034875,           0.0064879,           0.0054061,           0.0054061,            0.050406
                  29,            0.057222,            0.039187,           0.0080954,             0.55075,             0.67168,             0.60847,             0.24677,            0.048617,            0.033762,           0.0065326,           0.0055859,           0.0055859,            0.048686
                  30,            0.056499,            0.039012,            0.007857,             0.58523,             0.71718,             0.68726,             0.27527,            0.046856,            0.033293,           0.0058928,           0.0057649,           0.0057649,            0.046965
                  31,             0.05279,            0.037169,           0.0081097,             0.65003,             0.75891,             0.70429,             0.29175,            0.045508,            0.033814,           0.0059049,           0.0059432,           0.0059432,            0.045243
                  32,            0.051472,            0.039067,           0.0076668,             0.81931,             0.74402,             0.81455,             0.34929,            0.043913,            0.032044,           0.0056493,           0.0061207,           0.0061207,            0.043521
                  33,            0.056036,            0.036491,           0.0077397,             0.62211,              0.7759,             0.73429,             0.29766,            0.046891,            0.031551,           0.0056623,           0.0062975,           0.0062975,            0.041797
                  34,            0.053448,            0.039124,            0.007341,             0.61859,             0.70614,             0.69666,             0.28905,            0.044679,            0.035077,           0.0064236,           0.0064734,           0.0064734,            0.040073
                  35,            0.050302,            0.037688,            0.007605,             0.83731,             0.73459,             0.80147,             0.38075,            0.041016,            0.033957,           0.0060244,           0.0066485,           0.0066485,            0.038349
                  36,            0.048996,            0.037064,           0.0070308,             0.69403,             0.56941,             0.62345,              0.2308,            0.048559,            0.037009,           0.0067836,           0.0068228,           0.0068228,            0.036623
                  37,            0.050914,            0.037427,            0.007128,             0.68429,             0.77994,             0.76453,             0.34196,            0.041858,            0.032074,             0.00538,           0.0069962,           0.0069962,            0.034896
                  38,            0.049009,            0.034833,           0.0066993,             0.83385,             0.70411,             0.81651,             0.42449,            0.039747,            0.032285,           0.0054623,           0.0071687,           0.0071687,            0.033169
                  39,            0.046162,            0.036096,           0.0074713,              0.7268,             0.76451,             0.79647,             0.38878,            0.041466,            0.031168,           0.0050704,           0.0073403,           0.0073403,             0.03144
                  40,            0.045568,            0.037147,           0.0066904,             0.69758,             0.72222,             0.73846,             0.33296,            0.044709,            0.035648,           0.0069095,            0.007511,            0.007511,            0.029711
                  41,            0.049739,            0.035962,           0.0071876,             0.80035,             0.76085,             0.82226,             0.38748,            0.038781,             0.03208,            0.005237,           0.0076806,           0.0076806,            0.027981
                  42,            0.046165,            0.035056,           0.0069219,             0.79168,             0.81749,              0.8386,               0.406,            0.039787,            0.032095,            0.004995,           0.0078494,           0.0078494,            0.026249
                  43,            0.045639,            0.036339,            0.006858,             0.71443,             0.68967,             0.69354,             0.31512,            0.044122,            0.036071,           0.0057035,           0.0080171,           0.0080171,            0.024517
                  44,            0.049684,             0.03535,           0.0067899,             0.74594,             0.79023,             0.81442,             0.37784,            0.042081,             0.03176,           0.0050037,           0.0081838,           0.0081838,            0.022784
                  45,            0.051886,            0.037991,           0.0067769,             0.78126,             0.77605,             0.79777,             0.37748,             0.04223,            0.032375,            0.005341,           0.0083494,           0.0083494,            0.021049
                  46,            0.051692,            0.037226,           0.0068383,             0.78462,             0.77208,              0.7537,             0.35652,            0.039766,            0.032668,           0.0050062,            0.008514,            0.008514,            0.019314
                  47,            0.049037,            0.034554,            0.006949,             0.75487,             0.72013,             0.76022,             0.30631,            0.046139,            0.034915,           0.0056123,           0.0086775,           0.0086775,            0.017577
                  48,            0.049189,            0.033959,           0.0068537,             0.78647,               0.751,             0.79909,             0.33243,            0.043279,            0.033373,            0.005424,           0.0088399,           0.0088399,             0.01584
                  49,            0.045442,             0.03488,           0.0067627,             0.77502,             0.80689,             0.82367,             0.40926,            0.040567,            0.034465,           0.0054498,           0.0090011,           0.0090011,            0.014101
                  50,            0.047146,             0.03739,            0.006371,             0.76132,             0.77492,             0.79765,             0.34646,            0.043581,            0.032994,            0.005169,           0.0091613,           0.0091613,            0.012361
                  51,            0.048302,            0.033856,           0.0066663,             0.78699,              0.7906,             0.82396,              0.3371,            0.044461,            0.034682,           0.0051824,           0.0093202,           0.0093202,             0.01062
                  52,            0.045879,            0.035612,           0.0068616,              0.7008,             0.80392,             0.77625,             0.31818,            0.041676,            0.033908,           0.0048941,           0.0094215,           0.0094215,           0.0094215
                  53,            0.045372,            0.035187,           0.0064324,             0.81765,              0.7933,             0.85578,             0.42436,            0.038544,            0.032387,           0.0048917,           0.0094215,           0.0094215,           0.0094215
                  54,            0.044865,            0.035868,            0.006305,             0.73818,             0.71468,             0.75457,             0.36136,            0.041834,            0.037732,           0.0061964,           0.0093996,           0.0093996,           0.0093996
                  55,            0.044454,            0.037338,           0.0063726,             0.81658,             0.82449,             0.84132,             0.40636,            0.039798,             0.03283,            0.004542,           0.0093773,           0.0093773,           0.0093773
                  56,            0.043288,            0.035605,            0.006282,             0.71097,             0.49375,             0.54606,             0.24091,            0.059917,            0.049565,            0.017535,           0.0093547,           0.0093547,           0.0093547
                  57,            0.041547,            0.033451,           0.0063569,             0.74407,             0.77983,             0.78347,             0.38455,            0.040892,            0.037709,           0.0063248,           0.0093317,           0.0093317,           0.0093317
                  58,            0.039901,            0.034007,           0.0062601,             0.82158,             0.78174,               0.826,              0.4184,            0.038105,             0.03419,           0.0049565,           0.0093083,           0.0093083,           0.0093083
                  59,            0.040383,              0.0342,           0.0058967,             0.85241,             0.79883,             0.84541,             0.43406,            0.037875,            0.032302,           0.0045069,           0.0092846,           0.0092846,           0.0092846
                  60,            0.040398,            0.035069,           0.0057729,             0.81092,             0.69608,             0.76222,             0.38233,            0.041859,            0.037036,           0.0056929,           0.0092605,           0.0092605,           0.0092605
                  61,            0.038829,            0.031576,           0.0056597,             0.85294,             0.78556,             0.83279,             0.46403,            0.035828,            0.034367,           0.0044033,           0.0092361,           0.0092361,           0.0092361
                  62,            0.042147,            0.033891,           0.0058132,             0.79322,             0.78328,             0.81029,             0.41022,            0.038744,            0.034102,           0.0046825,           0.0092113,           0.0092113,           0.0092113
                  63,            0.042087,            0.034211,           0.0061373,              0.7988,             0.77799,              0.8199,             0.42835,            0.037087,            0.034714,           0.0046563,           0.0091861,           0.0091861,           0.0091861
                  64,            0.036837,            0.031728,           0.0060065,             0.88763,             0.71996,             0.83002,             0.46017,             0.03595,            0.034055,           0.0045229,           0.0091606,           0.0091606,           0.0091606
                  65,            0.037832,            0.031547,           0.0052733,             0.79674,             0.84563,              0.8548,             0.43516,            0.035893,            0.033442,            0.004477,           0.0091348,           0.0091348,           0.0091348
                  66,            0.040723,            0.032977,           0.0051357,             0.81908,             0.78396,             0.82204,             0.41481,            0.037685,            0.033771,           0.0042332,           0.0091086,           0.0091086,           0.0091086
                  67,            0.041524,            0.033698,            0.005698,             0.78223,             0.82517,             0.84478,             0.41007,            0.039005,            0.031748,           0.0042711,           0.0090821,           0.0090821,           0.0090821
                  68,            0.040672,            0.033954,           0.0056124,             0.79086,             0.83043,             0.85426,             0.44197,            0.037086,            0.031288,           0.0043515,           0.0090552,           0.0090552,           0.0090552
                  69,             0.03816,            0.031906,            0.005917,             0.80632,             0.80909,              0.8332,             0.44146,            0.036644,            0.033285,           0.0047077,            0.009028,            0.009028,            0.009028
                  70,            0.036383,            0.032777,           0.0052045,             0.82651,             0.78842,             0.84053,             0.44637,            0.036185,            0.033276,           0.0043429,           0.0090004,           0.0090004,           0.0090004
                  71,            0.037672,            0.032755,           0.0059274,              0.8311,             0.83121,             0.88142,             0.48358,            0.034697,            0.031372,           0.0041351,           0.0089726,           0.0089726,           0.0089726
                  72,            0.035676,            0.031334,           0.0050836,             0.82339,             0.84291,             0.85802,             0.47806,            0.034884,            0.031898,           0.0039536,           0.0089444,           0.0089444,           0.0089444
                  73,            0.036398,            0.030346,           0.0053111,             0.79521,             0.79217,             0.81498,             0.43718,            0.035534,            0.033597,           0.0043422,           0.0089159,           0.0089159,           0.0089159
                  74,             0.03845,            0.029885,            0.005415,             0.85247,              0.8006,             0.85093,             0.46808,            0.034787,            0.034556,           0.0039418,            0.008887,            0.008887,            0.008887
                  75,             0.03816,            0.031861,           0.0050296,             0.83054,             0.83338,             0.85346,             0.47998,            0.034092,            0.032769,            0.004251,           0.0088579,           0.0088579,           0.0088579
                  76,            0.037438,            0.032743,           0.0054126,             0.82191,             0.84769,             0.87103,             0.47419,            0.033998,            0.031844,           0.0038874,           0.0088284,           0.0088284,           0.0088284
                  77,            0.034059,             0.02951,           0.0052248,             0.80074,             0.85013,             0.86328,             0.48144,            0.033498,            0.031848,           0.0037938,           0.0087987,           0.0087987,           0.0087987
                  78,            0.035187,            0.030866,           0.0056276,             0.85004,             0.81155,             0.85128,             0.47347,            0.033884,            0.031772,           0.0037425,           0.0087686,           0.0087686,           0.0087686
                  79,            0.035863,            0.030579,           0.0049288,             0.86437,               0.814,              0.8578,             0.46118,             0.03505,            0.032478,           0.0040161,           0.0087382,           0.0087382,           0.0087382
                  80,            0.038384,             0.03296,           0.0050431,             0.87101,             0.78578,             0.84838,             0.46456,            0.035553,            0.035392,           0.0048497,           0.0087075,           0.0087075,           0.0087075
                  81,             0.03318,            0.030072,           0.0046129,             0.89222,             0.76704,             0.85053,             0.48871,            0.034151,            0.033813,           0.0039946,           0.0086765,           0.0086765,           0.0086765
                  82,            0.034203,            0.032049,           0.0050337,             0.84455,             0.79989,             0.84139,              0.4683,            0.035028,            0.033139,           0.0039549,           0.0086452,           0.0086452,           0.0086452
                  83,            0.035066,            0.030405,           0.0051065,             0.82927,             0.82969,             0.83731,             0.48064,            0.033984,            0.034053,            0.004082,           0.0086137,           0.0086137,           0.0086137
                  84,            0.035587,            0.031907,           0.0049997,              0.8734,             0.80296,             0.85454,             0.48258,            0.035397,            0.033196,           0.0039229,           0.0085818,           0.0085818,           0.0085818
                  85,            0.034035,            0.030461,           0.0049774,             0.83203,             0.81357,             0.84599,             0.47816,            0.033764,            0.032664,           0.0043601,           0.0085497,           0.0085497,           0.0085497
                  86,            0.033704,            0.029854,           0.0051887,             0.81525,              0.8288,             0.84159,             0.45557,            0.035986,            0.033145,           0.0037534,           0.0085173,           0.0085173,           0.0085173
                  87,            0.036251,            0.030095,            0.005486,              0.8063,             0.84181,              0.8541,             0.46675,            0.035058,            0.032001,           0.0037724,           0.0084846,           0.0084846,           0.0084846
                  88,            0.034451,            0.031351,           0.0048618,             0.82336,             0.84557,             0.87663,             0.49164,            0.032812,             0.03163,           0.0037228,           0.0084516,           0.0084516,           0.0084516
                  89,            0.034289,            0.029296,           0.0047329,             0.84702,             0.83731,             0.88198,             0.50483,            0.032671,              0.0314,           0.0038064,           0.0084184,           0.0084184,           0.0084184
                  90,            0.033814,            0.030918,           0.0049504,             0.85022,             0.84847,             0.87835,             0.50257,            0.032791,            0.032476,           0.0037199,           0.0083849,           0.0083849,           0.0083849
                  91,            0.035709,            0.032296,           0.0047911,             0.81081,             0.87765,             0.87757,             0.48884,              0.0327,            0.031729,           0.0037344,           0.0083511,           0.0083511,           0.0083511
                  92,             0.03212,            0.030151,           0.0050853,             0.86017,             0.82421,              0.8758,             0.50008,            0.033852,            0.033027,           0.0039534,           0.0083171,           0.0083171,           0.0083171
                  93,            0.032383,            0.031089,           0.0046242,             0.82656,             0.83953,             0.86365,             0.48432,            0.033995,            0.033349,           0.0038681,           0.0082829,           0.0082829,           0.0082829
                  94,            0.033457,            0.028374,           0.0047606,              0.8733,             0.80659,             0.86969,             0.51107,            0.032164,            0.031945,           0.0039742,           0.0082483,           0.0082483,           0.0082483
                  95,            0.033397,             0.02984,           0.0049534,             0.82759,             0.83865,             0.86476,             0.48047,            0.032982,             0.03191,           0.0038933,           0.0082136,           0.0082136,           0.0082136
                  96,            0.031961,            0.028739,           0.0048475,             0.87046,             0.82264,             0.86248,              0.4854,             0.03303,            0.033583,           0.0037516,           0.0081786,           0.0081786,           0.0081786
                  97,            0.030953,            0.029135,           0.0043107,             0.84211,             0.83672,             0.85097,             0.49558,            0.032815,            0.034093,           0.0039142,           0.0081433,           0.0081433,           0.0081433
                  98,             0.03296,            0.027891,           0.0051874,             0.82028,             0.81878,             0.84928,             0.47744,            0.033115,            0.033336,           0.0039668,           0.0081078,           0.0081078,           0.0081078
                  99,            0.032873,            0.027933,           0.0049646,             0.81843,             0.77582,             0.84712,             0.49274,            0.033579,            0.033826,           0.0040785,           0.0080721,           0.0080721,           0.0080721
                 100,            0.029965,            0.027312,           0.0046508,             0.87171,             0.79016,             0.86041,             0.49113,            0.033983,            0.033218,           0.0040129,           0.0080362,           0.0080362,           0.0080362
                 101,            0.030972,            0.029783,           0.0044115,             0.83118,             0.82299,             0.86831,             0.50036,            0.032647,            0.032888,           0.0041663,               0.008,               0.008,               0.008
                 102,            0.031329,            0.029884,           0.0045603,             0.83626,             0.81929,             0.86416,             0.48456,            0.033581,            0.034255,           0.0040393,           0.0079636,           0.0079636,           0.0079636
                 103,            0.032631,             0.02825,           0.0044824,             0.81244,             0.82764,             0.85083,             0.48747,            0.033821,            0.035361,           0.0040763,            0.007927,            0.007927,            0.007927
                 104,            0.033249,            0.027814,           0.0046946,             0.86165,             0.80877,             0.86543,             0.51142,             0.03216,            0.032992,           0.0038385,           0.0078902,           0.0078902,           0.0078902
                 105,            0.030227,            0.027871,           0.0040294,             0.85619,             0.84353,             0.86502,             0.48437,            0.033442,             0.03407,           0.0037896,           0.0078532,           0.0078532,           0.0078532
                 106,            0.032198,            0.029319,           0.0051523,             0.83985,             0.82705,             0.87174,             0.48788,            0.033666,            0.032316,           0.0038447,            0.007816,            0.007816,            0.007816
                 107,            0.031042,            0.028688,           0.0049246,             0.80043,             0.85899,             0.86566,             0.48557,            0.033849,            0.033394,           0.0038959,           0.0077785,           0.0077785,           0.0077785
                 108,            0.030139,              0.0281,           0.0046048,             0.82846,              0.8355,             0.86626,             0.48556,            0.033858,            0.034483,           0.0039743,           0.0077409,           0.0077409,           0.0077409
                 109,            0.029262,             0.02814,           0.0046677,             0.81919,              0.8575,             0.86369,             0.48358,            0.033034,            0.035516,           0.0038212,           0.0077031,           0.0077031,           0.0077031
                 110,            0.031137,             0.02659,           0.0044946,             0.80231,             0.87442,             0.86615,             0.50345,            0.032291,            0.033901,           0.0038827,           0.0076651,           0.0076651,           0.0076651
                 111,            0.030622,             0.02954,           0.0044789,             0.80252,             0.84781,             0.86062,               0.497,            0.031622,            0.033802,           0.0041387,           0.0076269,           0.0076269,           0.0076269
                 112,            0.029746,            0.026747,           0.0048296,             0.85201,             0.84002,             0.86434,              0.5001,            0.032131,            0.033283,           0.0040171,           0.0075886,           0.0075886,           0.0075886
                 113,            0.030155,            0.028919,           0.0045789,             0.87704,             0.82098,             0.86392,              0.5137,              0.0328,            0.033724,           0.0036709,           0.0075501,           0.0075501,           0.0075501
                 114,            0.030196,             0.02752,           0.0045513,             0.83531,             0.79663,             0.84195,             0.48765,            0.033834,            0.033718,           0.0037754,           0.0075114,           0.0075114,           0.0075114
                 115,            0.032774,            0.028564,           0.0045917,             0.86818,             0.82993,              0.8696,              0.5128,            0.032971,            0.033014,            0.003684,           0.0074725,           0.0074725,           0.0074725
                 116,            0.030377,            0.028773,           0.0042021,             0.83854,             0.82641,              0.8508,             0.49425,            0.033744,            0.034385,           0.0038064,           0.0074335,           0.0074335,           0.0074335
                 117,            0.031165,            0.027229,           0.0041123,              0.8493,              0.8113,             0.84548,             0.48766,             0.03339,            0.034674,           0.0038942,           0.0073943,           0.0073943,           0.0073943
                 118,            0.029331,            0.026435,            0.004336,             0.83949,             0.84317,             0.86304,             0.48952,            0.034165,            0.034363,            0.003922,            0.007355,            0.007355,            0.007355
                 119,            0.031209,            0.027828,           0.0042014,             0.84684,             0.84492,             0.87277,             0.50056,            0.033141,            0.033145,           0.0041408,           0.0073155,           0.0073155,           0.0073155
                 120,            0.028581,            0.026608,           0.0042519,             0.82613,             0.84614,             0.85944,             0.48411,            0.033844,            0.033763,           0.0042404,           0.0072758,           0.0072758,           0.0072758
                 121,            0.030683,            0.027775,           0.0044152,             0.83887,             0.83482,              0.8579,             0.50156,            0.032576,            0.033905,           0.0042698,           0.0072361,           0.0072361,           0.0072361
                 122,            0.030432,            0.029447,           0.0041046,             0.80645,             0.84352,             0.85822,             0.50239,            0.032563,            0.033398,           0.0042229,           0.0071962,           0.0071962,           0.0071962
                 123,            0.030889,            0.026518,           0.0046658,             0.82605,             0.82886,             0.86586,             0.50425,            0.032652,            0.034107,           0.0040835,           0.0071561,           0.0071561,           0.0071561
                 124,            0.028551,            0.026615,           0.0043178,             0.80464,             0.82826,             0.85664,              0.5086,            0.032523,            0.034518,            0.004079,            0.007116,            0.007116,            0.007116
                 125,            0.027889,            0.027232,           0.0044656,             0.79968,             0.84062,              0.8684,             0.51374,            0.031805,            0.034478,            0.004015,           0.0070757,           0.0070757,           0.0070757
                 126,             0.02794,            0.024823,           0.0041426,             0.80837,             0.88039,             0.87383,             0.52025,            0.031801,            0.033483,           0.0040109,           0.0070353,           0.0070353,           0.0070353
                 127,            0.028594,            0.026275,            0.004064,             0.82437,             0.86227,             0.88757,             0.51901,             0.03207,            0.033319,           0.0040521,           0.0069948,           0.0069948,           0.0069948
                 128,            0.029807,            0.027479,           0.0044206,              0.8448,              0.8211,             0.87563,             0.50734,            0.032438,            0.033028,           0.0040285,           0.0069541,           0.0069541,           0.0069541
                 129,            0.027082,            0.025253,           0.0041196,             0.81494,             0.86132,              0.8765,             0.51466,            0.032087,            0.034128,           0.0040551,           0.0069134,           0.0069134,           0.0069134
                 130,            0.029347,             0.02589,           0.0043317,              0.8241,             0.83773,             0.86735,             0.49715,            0.032799,            0.033963,           0.0041748,           0.0068726,           0.0068726,           0.0068726
                 131,            0.029268,            0.025779,           0.0040243,             0.78591,             0.83625,             0.85987,             0.50031,            0.032697,            0.034331,           0.0042716,           0.0068316,           0.0068316,           0.0068316
                 132,            0.027313,            0.028034,           0.0042322,             0.84022,             0.80938,             0.86072,             0.50565,            0.032594,            0.035913,           0.0042976,           0.0067906,           0.0067906,           0.0067906
                 133,            0.026775,            0.025323,           0.0041557,             0.81294,             0.82906,             0.85993,             0.50182,            0.033223,            0.037082,           0.0042939,           0.0067495,           0.0067495,           0.0067495
                 134,            0.027515,            0.027486,           0.0042017,             0.84407,             0.81459,             0.86186,             0.50713,            0.032999,             0.03624,           0.0039167,           0.0067083,           0.0067083,           0.0067083
                 135,            0.028506,            0.027468,           0.0038922,             0.83926,             0.78668,             0.85375,             0.49403,            0.032966,             0.03424,            0.003938,           0.0066671,           0.0066671,           0.0066671
                 136,             0.02694,            0.025419,           0.0041917,             0.83613,             0.82694,             0.87156,             0.52546,            0.031614,            0.034051,           0.0036068,           0.0066257,           0.0066257,           0.0066257
                 137,              0.0264,            0.025623,            0.004116,             0.85027,             0.81468,             0.85924,             0.51507,            0.031756,            0.035544,           0.0036703,           0.0065843,           0.0065843,           0.0065843
                 138,            0.028701,            0.025692,           0.0041638,             0.81947,              0.8239,             0.84873,             0.51461,            0.031924,            0.036704,           0.0035554,           0.0065429,           0.0065429,           0.0065429
                 139,            0.029794,            0.026263,           0.0041674,             0.83165,              0.8375,             0.86157,             0.51134,            0.031871,            0.036142,           0.0037673,           0.0065013,           0.0065013,           0.0065013
                 140,            0.027013,            0.025983,           0.0041983,             0.82122,             0.82837,             0.84384,             0.49993,            0.032869,            0.035867,           0.0039533,           0.0064597,           0.0064597,           0.0064597
                 141,            0.026034,            0.026261,            0.003857,             0.83154,             0.82221,             0.84938,              0.5029,            0.032618,             0.03505,            0.003925,           0.0064181,           0.0064181,           0.0064181
                 142,            0.028001,            0.026025,           0.0042422,             0.78789,             0.85668,             0.85396,             0.50115,            0.033627,            0.035781,           0.0039601,           0.0063764,           0.0063764,           0.0063764
                 143,            0.027392,             0.02486,           0.0040693,             0.84736,             0.83966,             0.86911,             0.51522,             0.03286,            0.034748,           0.0039375,           0.0063347,           0.0063347,           0.0063347
                 144,            0.026305,            0.025605,            0.004119,               0.823,             0.86129,              0.8738,             0.51027,            0.032289,            0.035689,           0.0039737,            0.006293,            0.006293,            0.006293
                 145,            0.025864,            0.023617,           0.0041052,              0.8429,             0.85246,             0.88022,             0.52001,            0.032338,            0.035817,           0.0038925,           0.0062512,           0.0062512,           0.0062512
                 146,             0.02719,            0.027204,           0.0041202,               0.869,             0.81504,             0.86371,             0.50694,            0.032737,            0.035277,           0.0039015,           0.0062093,           0.0062093,           0.0062093
                 147,            0.027262,            0.025357,            0.004304,             0.80599,             0.87015,             0.87594,             0.52509,            0.032398,            0.034597,           0.0038846,           0.0061675,           0.0061675,           0.0061675
                 148,            0.025439,            0.024636,           0.0038727,              0.8378,             0.82274,             0.85396,             0.50629,            0.032891,            0.037686,           0.0038382,           0.0061256,           0.0061256,           0.0061256
                 149,            0.025691,            0.024299,           0.0043438,             0.84556,             0.81062,             0.85492,             0.50638,            0.032464,             0.03688,           0.0039563,           0.0060838,           0.0060838,           0.0060838
                 150,            0.027268,            0.025108,           0.0038585,             0.82378,             0.82019,                0.85,             0.49135,            0.032269,            0.036136,           0.0039714,           0.0060419,           0.0060419,           0.0060419
                 151,            0.027795,            0.024679,           0.0036719,             0.87148,             0.78155,             0.84974,             0.50496,            0.032093,              0.0351,           0.0037843,               0.006,               0.006,               0.006
                 152,            0.025073,            0.024196,           0.0035867,             0.84494,             0.84069,             0.86035,             0.52093,            0.031413,            0.034152,           0.0036817,           0.0059581,           0.0059581,           0.0059581
                 153,            0.026114,            0.024819,           0.0042707,              0.8363,             0.84899,             0.86282,              0.5211,            0.032083,             0.03534,           0.0037831,           0.0059162,           0.0059162,           0.0059162
                 154,            0.026527,            0.025745,            0.003856,             0.84481,              0.8219,             0.86366,             0.52104,            0.031968,            0.034882,           0.0037534,           0.0058744,           0.0058744,           0.0058744
                 155,            0.026937,            0.025792,           0.0038549,              0.8504,             0.82876,             0.87261,             0.52353,            0.031564,            0.033502,           0.0037234,           0.0058325,           0.0058325,           0.0058325
                 156,            0.025252,            0.025565,           0.0040422,              0.8599,             0.81337,             0.86503,             0.52075,             0.03207,            0.034701,           0.0036385,           0.0057907,           0.0057907,           0.0057907
                 157,             0.02583,            0.024237,           0.0036038,             0.82753,             0.84571,              0.8704,             0.52461,            0.032142,            0.034869,           0.0038658,           0.0057488,           0.0057488,           0.0057488
                 158,            0.025586,            0.025492,           0.0040184,             0.88021,             0.81278,             0.86181,             0.51267,            0.032374,            0.035631,           0.0039844,            0.005707,            0.005707,            0.005707
                 159,             0.02573,            0.024228,            0.003693,             0.89927,             0.80082,             0.86339,             0.51268,            0.032039,            0.034687,           0.0040409,           0.0056653,           0.0056653,           0.0056653
                 160,            0.025301,            0.024933,           0.0039259,             0.83308,             0.84671,             0.86365,             0.51128,             0.03197,             0.03563,            0.003929,           0.0056236,           0.0056236,           0.0056236
                 161,            0.024445,            0.025857,           0.0037329,             0.84496,             0.81686,             0.85434,             0.51492,            0.031647,            0.035118,           0.0036702,           0.0055819,           0.0055819,           0.0055819
                 162,            0.024418,            0.023177,           0.0036338,             0.87299,             0.79371,             0.85273,              0.5144,            0.032436,            0.035921,           0.0039289,           0.0055403,           0.0055403,           0.0055403
                 163,            0.025057,            0.024397,           0.0039297,             0.86049,             0.81379,             0.86602,              0.5198,             0.03249,            0.035578,           0.0041396,           0.0054987,           0.0054987,           0.0054987
                 164,            0.023937,             0.02318,           0.0038903,             0.88548,             0.80398,             0.85986,             0.52698,             0.03206,            0.035977,           0.0039253,           0.0054571,           0.0054571,           0.0054571
                 165,            0.024017,            0.023447,            0.003958,             0.80729,             0.85933,             0.86992,             0.52063,            0.031689,            0.036025,           0.0037914,           0.0054157,           0.0054157,           0.0054157
                 166,            0.024671,            0.023404,           0.0039372,             0.85402,             0.79959,             0.86703,             0.50647,            0.032053,            0.037267,           0.0037542,           0.0053743,           0.0053743,           0.0053743
                 167,            0.026425,            0.024619,            0.003938,             0.82167,             0.84127,             0.87041,             0.51615,            0.032074,            0.036314,            0.003809,           0.0053329,           0.0053329,           0.0053329
                 168,            0.025255,             0.02392,           0.0040552,             0.82902,             0.82967,             0.85681,             0.51828,            0.031775,            0.036031,            0.003816,           0.0052917,           0.0052917,           0.0052917
                 169,            0.024371,            0.022726,           0.0038537,             0.81788,             0.80259,             0.84889,              0.5086,            0.032326,            0.036678,           0.0038644,           0.0052505,           0.0052505,           0.0052505
                 170,            0.024081,            0.024014,           0.0037025,             0.87453,             0.76753,             0.85025,              0.5145,            0.032126,            0.037077,           0.0039023,           0.0052094,           0.0052094,           0.0052094
                 171,            0.025246,            0.023868,           0.0039057,             0.89256,             0.76706,             0.85263,             0.51666,            0.032348,            0.037128,           0.0038526,           0.0051684,           0.0051684,           0.0051684
                 172,            0.023835,            0.024089,           0.0039743,             0.82376,             0.83814,              0.8645,             0.51956,            0.031842,            0.037015,           0.0038838,           0.0051274,           0.0051274,           0.0051274
                 173,            0.024379,            0.023134,           0.0039121,             0.83032,             0.82705,             0.86341,             0.52189,            0.031765,             0.03651,           0.0041263,           0.0050866,           0.0050866,           0.0050866
                 174,            0.024508,            0.024156,           0.0035804,             0.83323,             0.83662,             0.86226,             0.51311,            0.031591,            0.035668,           0.0040254,           0.0050459,           0.0050459,           0.0050459
                 175,            0.026086,            0.024034,           0.0036137,             0.84983,             0.82803,             0.87515,             0.52078,            0.031551,            0.035081,           0.0039946,           0.0050052,           0.0050052,           0.0050052
                 176,            0.024337,             0.02359,           0.0040465,             0.85306,              0.8634,             0.88741,             0.52296,            0.032199,            0.034893,           0.0040085,           0.0049647,           0.0049647,           0.0049647
                 177,             0.02323,             0.02425,            0.003831,             0.82175,             0.87111,             0.87344,             0.51518,            0.032228,            0.035422,           0.0040838,           0.0049243,           0.0049243,           0.0049243
                 178,            0.023805,            0.024044,           0.0033999,             0.82859,             0.84806,             0.87317,              0.5218,            0.031971,            0.035297,           0.0041173,            0.004884,            0.004884,            0.004884
                 179,             0.02352,            0.022568,           0.0034557,             0.86172,             0.83175,             0.86797,             0.52169,            0.032238,            0.036252,           0.0040843,           0.0048439,           0.0048439,           0.0048439
                 180,            0.022545,            0.023603,           0.0037554,             0.84778,             0.82867,             0.87318,             0.52243,            0.031911,            0.035362,           0.0041636,           0.0048038,           0.0048038,           0.0048038
                 181,            0.023459,            0.023947,           0.0036716,             0.83906,             0.83438,             0.86208,             0.52245,            0.031723,            0.036278,           0.0040443,           0.0047639,           0.0047639,           0.0047639
                 182,            0.023991,            0.023689,           0.0037508,             0.81771,             0.84085,             0.85165,             0.51355,            0.031689,              0.0372,           0.0039784,           0.0047242,           0.0047242,           0.0047242
                 183,            0.023684,            0.022943,           0.0036528,             0.86917,             0.81203,             0.85224,             0.52263,            0.031581,            0.036374,           0.0037985,           0.0046845,           0.0046845,           0.0046845
                 184,            0.023132,            0.023623,           0.0035733,              0.8795,             0.82725,             0.87144,             0.52574,             0.03158,            0.036435,           0.0037326,            0.004645,            0.004645,            0.004645
                 185,            0.022852,            0.022764,           0.0036048,              0.8453,             0.84325,             0.86615,             0.52289,            0.031567,            0.036331,            0.004008,           0.0046057,           0.0046057,           0.0046057
                 186,             0.02346,            0.022435,           0.0037823,             0.84708,             0.83987,             0.86412,              0.5146,            0.031703,            0.035736,           0.0038267,           0.0045665,           0.0045665,           0.0045665
                 187,             0.02344,            0.022319,           0.0036431,             0.82632,             0.84768,             0.86524,             0.51859,            0.031656,            0.035462,           0.0037714,           0.0045275,           0.0045275,           0.0045275
                 188,            0.022073,            0.022446,           0.0032607,             0.82237,             0.85408,             0.86822,              0.5265,            0.031304,            0.035402,           0.0036172,           0.0044886,           0.0044886,           0.0044886
                 189,            0.022639,            0.021661,           0.0038886,             0.82106,             0.85004,             0.86262,             0.52316,            0.031247,            0.036107,           0.0035074,           0.0044499,           0.0044499,           0.0044499
                 190,            0.022726,            0.023288,           0.0035604,             0.81866,             0.83675,              0.8615,             0.52104,            0.031609,            0.036603,           0.0034826,           0.0044114,           0.0044114,           0.0044114
                 191,            0.023387,            0.023483,           0.0036722,             0.80877,             0.84152,              0.8554,             0.52273,            0.031966,            0.036419,           0.0034375,           0.0043731,           0.0043731,           0.0043731
                 192,            0.022466,            0.022368,           0.0036165,             0.81627,             0.83662,             0.86307,             0.51052,            0.031799,            0.036021,           0.0035791,           0.0043349,           0.0043349,           0.0043349
                 193,            0.022675,            0.023718,           0.0035053,             0.82318,             0.83833,              0.8591,             0.51173,            0.031898,             0.03509,           0.0037663,           0.0042969,           0.0042969,           0.0042969
                 194,            0.022004,            0.022527,           0.0037322,             0.84028,             0.85034,             0.86962,             0.52438,            0.031598,            0.034938,           0.0037514,           0.0042591,           0.0042591,           0.0042591
                 195,            0.022188,             0.02301,           0.0036591,             0.83634,             0.83986,             0.86792,             0.52479,            0.031717,            0.035962,           0.0037082,           0.0042215,           0.0042215,           0.0042215
                 196,            0.021746,            0.023104,           0.0037323,             0.85859,              0.8259,             0.87548,             0.52426,            0.032581,            0.036975,           0.0038441,            0.004184,            0.004184,            0.004184
                 197,            0.022647,            0.022203,           0.0038965,             0.84361,             0.84188,              0.8765,             0.53834,            0.031217,             0.03565,           0.0039039,           0.0041468,           0.0041468,           0.0041468
                 198,            0.021869,            0.023108,           0.0035065,             0.86781,             0.80829,             0.86961,             0.52641,             0.03169,            0.036127,           0.0038322,           0.0041098,           0.0041098,           0.0041098
                 199,            0.023142,            0.022537,            0.003742,             0.86448,             0.83426,             0.88142,             0.53482,              0.0314,            0.035569,           0.0038708,            0.004073,            0.004073,            0.004073
                 200,             0.02233,            0.025002,           0.0037872,             0.81981,             0.85702,             0.86894,              0.5286,            0.031465,            0.036034,           0.0039268,           0.0040364,           0.0040364,           0.0040364
                 201,            0.020836,            0.021923,           0.0033871,             0.86154,             0.81746,             0.86916,             0.53353,            0.031441,            0.035978,           0.0039363,               0.004,               0.004,               0.004
                 202,            0.022002,            0.022425,           0.0036301,             0.81949,             0.85563,             0.87058,              0.5333,            0.031404,            0.036531,           0.0039039,           0.0039638,           0.0039638,           0.0039638
                 203,             0.02292,            0.021978,           0.0036475,             0.79473,             0.87007,             0.87288,             0.51979,            0.031851,            0.036573,           0.0039578,           0.0039279,           0.0039279,           0.0039279
                 204,            0.022124,            0.022845,           0.0034594,             0.85083,             0.84112,             0.86549,             0.52741,            0.031773,            0.035519,           0.0039065,           0.0038922,           0.0038922,           0.0038922
                 205,            0.021605,            0.022322,           0.0037936,             0.83806,              0.8668,             0.87475,             0.52992,            0.031794,            0.036012,           0.0039385,           0.0038567,           0.0038567,           0.0038567
                 206,            0.021671,            0.021008,           0.0035862,             0.82447,             0.83941,              0.8614,              0.5224,            0.031281,            0.036206,            0.003976,           0.0038214,           0.0038214,           0.0038214
                 207,            0.022556,             0.02192,           0.0037007,             0.83594,             0.82602,             0.85681,             0.51981,             0.03107,            0.036462,           0.0040318,           0.0037864,           0.0037864,           0.0037864
                 208,            0.021993,            0.022652,           0.0036589,             0.84397,             0.83688,             0.86814,             0.52578,              0.0314,            0.036413,            0.004102,           0.0037517,           0.0037517,           0.0037517
                 209,             0.02112,            0.021862,           0.0036042,             0.84208,             0.84045,             0.86036,             0.52997,            0.031409,            0.036569,           0.0040288,           0.0037171,           0.0037171,           0.0037171
                 210,            0.021603,            0.020811,           0.0035906,             0.87774,             0.79338,             0.85929,             0.52811,            0.031567,            0.037762,           0.0039514,           0.0036829,           0.0036829,           0.0036829
                 211,            0.021557,            0.021413,           0.0034223,             0.89082,             0.77571,              0.8614,             0.51797,            0.031698,            0.037679,           0.0037846,           0.0036489,           0.0036489,           0.0036489
                 212,            0.021373,             0.02227,           0.0035412,             0.81135,             0.86088,             0.87136,             0.52299,            0.031042,            0.036635,           0.0036126,           0.0036151,           0.0036151,           0.0036151
                 213,            0.021449,            0.021377,            0.003722,             0.85882,             0.82163,             0.86915,             0.53302,            0.031144,             0.03624,           0.0036396,           0.0035816,           0.0035816,           0.0035816
                 214,            0.021827,            0.021634,           0.0036205,             0.84363,             0.83821,             0.86958,             0.53325,            0.031002,             0.03667,           0.0037224,           0.0035484,           0.0035484,           0.0035484
                 215,            0.021327,            0.021649,           0.0031913,             0.82985,             0.87018,             0.87573,             0.54493,            0.031235,            0.036438,           0.0036827,           0.0035154,           0.0035154,           0.0035154
                 216,            0.021599,            0.022635,              0.0036,              0.8482,             0.85043,             0.88065,             0.54012,            0.030946,            0.036358,           0.0035876,           0.0034827,           0.0034827,           0.0034827
                 217,            0.021314,            0.021484,           0.0037124,             0.82439,             0.86335,             0.87334,             0.53237,            0.030952,            0.036485,           0.0035436,           0.0034503,           0.0034503,           0.0034503
                 218,            0.021243,            0.021018,           0.0036426,             0.84038,             0.86169,             0.87089,             0.52993,            0.031173,            0.036351,           0.0036018,           0.0034182,           0.0034182,           0.0034182
                 219,            0.021433,            0.020964,           0.0037778,             0.84429,             0.85314,             0.87222,             0.52785,             0.03112,            0.036543,           0.0037256,           0.0033863,           0.0033863,           0.0033863
                 220,            0.021811,            0.022167,           0.0042092,             0.84118,               0.851,             0.86169,             0.52667,             0.03086,            0.036342,           0.0037355,           0.0033548,           0.0033548,           0.0033548
                 221,            0.019992,            0.020751,            0.003126,             0.84644,             0.85138,             0.87076,             0.53292,             0.03062,            0.036665,           0.0037583,           0.0033235,           0.0033235,           0.0033235
                 222,            0.020427,            0.020611,           0.0032568,             0.83158,             0.84078,             0.87379,             0.52321,            0.030612,            0.037202,           0.0037822,           0.0032925,           0.0032925,           0.0032925
                 223,            0.020468,            0.020996,            0.003367,             0.84515,             0.85907,             0.86961,             0.53227,            0.030681,            0.036468,           0.0038549,           0.0032618,           0.0032618,           0.0032618
                 224,            0.019922,            0.020462,           0.0034387,             0.83153,             0.86658,             0.86722,             0.53204,            0.031106,            0.037297,           0.0038991,           0.0032314,           0.0032314,           0.0032314
                 225,            0.020436,            0.020253,           0.0034423,             0.83048,             0.85403,             0.85763,              0.5203,            0.031696,            0.038611,           0.0039071,           0.0032013,           0.0032013,           0.0032013
                 226,            0.020961,            0.021308,           0.0035062,             0.81154,             0.86168,             0.85321,             0.51262,            0.031547,            0.038542,           0.0040042,           0.0031716,           0.0031716,           0.0031716
                 227,            0.020417,            0.020727,           0.0034431,             0.82329,             0.86015,             0.86819,             0.52433,            0.031229,            0.036894,           0.0038794,           0.0031421,           0.0031421,           0.0031421
                 228,            0.020275,            0.020778,           0.0035686,             0.82888,             0.84259,             0.87085,             0.52824,            0.030856,            0.036132,           0.0038111,            0.003113,            0.003113,            0.003113
                 229,            0.020671,            0.020296,           0.0035143,             0.83244,             0.84225,             0.86259,             0.52192,             0.03077,            0.036537,            0.003784,           0.0030841,           0.0030841,           0.0030841
                 230,            0.020604,            0.020349,           0.0036645,             0.82992,             0.85181,              0.8593,             0.51768,            0.031066,            0.037496,            0.003856,           0.0030556,           0.0030556,           0.0030556
                 231,            0.020351,            0.021815,           0.0033864,             0.83659,             0.84909,             0.85548,             0.52391,            0.031492,             0.03801,           0.0040047,           0.0030274,           0.0030274,           0.0030274
                 232,            0.019527,            0.022347,           0.0030864,             0.83984,              0.8368,             0.85698,             0.52129,             0.03154,            0.037455,           0.0040843,           0.0029996,           0.0029996,           0.0029996
                 233,             0.01975,            0.020668,           0.0030518,              0.8698,             0.82455,             0.87026,             0.53123,             0.03143,             0.03729,           0.0039544,            0.002972,            0.002972,            0.002972
                 234,            0.019989,            0.020816,           0.0035068,             0.85262,             0.84252,              0.8712,             0.53589,            0.031326,            0.037253,           0.0039438,           0.0029448,           0.0029448,           0.0029448
                 235,            0.020784,            0.021322,           0.0037293,             0.85497,             0.82899,             0.87717,             0.53772,            0.031293,            0.036915,           0.0039129,           0.0029179,           0.0029179,           0.0029179
                 236,            0.020172,            0.020826,           0.0034489,             0.85155,             0.85481,              0.8744,             0.53853,            0.031077,            0.037323,           0.0039035,           0.0028914,           0.0028914,           0.0028914
                 237,            0.020155,            0.020838,           0.0034176,             0.84791,             0.85071,             0.87235,             0.53411,            0.030997,            0.037706,           0.0038173,           0.0028652,           0.0028652,           0.0028652
                 238,             0.01943,            0.020611,           0.0032451,             0.85527,             0.83532,             0.86686,             0.53475,            0.030721,            0.037929,           0.0038681,           0.0028394,           0.0028394,           0.0028394
                 239,            0.020448,            0.021321,           0.0033161,             0.85371,             0.82818,             0.86235,             0.52918,            0.031109,            0.037043,            0.003885,           0.0028139,           0.0028139,           0.0028139
                 240,            0.020177,             0.02073,           0.0033416,             0.84308,             0.86231,             0.87678,             0.53692,            0.031143,            0.036272,            0.003959,           0.0027887,           0.0027887,           0.0027887
                 241,            0.019819,            0.020562,           0.0035254,             0.82585,             0.86732,             0.87628,             0.53859,            0.031258,            0.036271,           0.0039735,           0.0027639,           0.0027639,           0.0027639
                 242,            0.019573,            0.020178,           0.0032186,             0.87576,             0.81541,             0.87067,             0.52865,            0.031435,            0.037234,           0.0038511,           0.0027395,           0.0027395,           0.0027395
                 243,            0.020134,            0.021254,           0.0036034,             0.83079,             0.85699,             0.87187,             0.53416,            0.031289,             0.03682,           0.0036587,           0.0027154,           0.0027154,           0.0027154
                 244,            0.019532,             0.02039,           0.0031476,             0.84992,             0.83841,             0.86664,               0.532,            0.031356,            0.037733,           0.0036253,           0.0026917,           0.0026917,           0.0026917
                 245,            0.019682,             0.02078,           0.0034803,             0.85315,             0.83326,             0.86846,              0.5383,            0.031085,            0.037407,           0.0035938,           0.0026683,           0.0026683,           0.0026683
                 246,             0.02022,            0.021041,           0.0033072,             0.82132,             0.86091,             0.87283,             0.53415,            0.031236,            0.037045,           0.0036537,           0.0026453,           0.0026453,           0.0026453
                 247,            0.020567,            0.020793,           0.0036473,             0.83009,             0.86084,             0.87725,             0.53828,            0.031393,            0.036973,           0.0036725,           0.0026227,           0.0026227,           0.0026227
                 248,            0.019557,            0.019555,           0.0031744,             0.82529,             0.85408,             0.87276,             0.53572,            0.031345,            0.037125,           0.0037615,           0.0026004,           0.0026004,           0.0026004
                 249,             0.01952,            0.020192,           0.0026504,             0.83431,             0.84684,             0.87229,             0.53414,            0.031317,            0.037314,           0.0037349,           0.0025785,           0.0025785,           0.0025785
                 250,             0.01955,            0.019954,           0.0035123,             0.82345,             0.85361,             0.86954,             0.53529,            0.031299,             0.03727,           0.0038566,            0.002557,            0.002557,            0.002557
                 251,            0.019322,             0.02016,           0.0033368,             0.84473,             0.86156,             0.88673,             0.54203,             0.03143,            0.036709,           0.0038164,           0.0025359,           0.0025359,           0.0025359
                 252,             0.01986,             0.02094,           0.0036306,             0.83835,             0.87218,             0.88317,             0.54825,            0.031395,            0.036555,           0.0037901,           0.0025151,           0.0025151,           0.0025151
                 253,            0.019293,             0.01948,            0.003257,             0.85574,              0.8565,             0.88114,              0.5453,            0.031154,            0.036217,           0.0037661,           0.0024948,           0.0024948,           0.0024948
                 254,            0.019585,            0.019965,            0.003344,             0.85829,             0.82807,             0.86932,             0.53715,            0.031424,            0.037056,           0.0038289,           0.0024748,           0.0024748,           0.0024748
                 255,            0.019419,            0.020204,           0.0036744,             0.83099,             0.85404,             0.86842,              0.5338,            0.031553,            0.037991,           0.0037862,           0.0024552,           0.0024552,           0.0024552
                 256,            0.019054,            0.019434,           0.0032363,              0.8427,             0.84423,             0.87068,             0.53361,            0.031421,            0.038026,            0.003845,            0.002436,            0.002436,            0.002436
                 257,            0.018985,            0.019685,           0.0033456,             0.83674,             0.83789,             0.86995,             0.53455,            0.031202,            0.037908,           0.0039635,           0.0024172,           0.0024172,           0.0024172
                 258,            0.019016,            0.019014,            0.003511,              0.8291,             0.83992,             0.87364,             0.53355,             0.03121,            0.037872,           0.0039292,           0.0023987,           0.0023987,           0.0023987
                 259,            0.019547,            0.018576,           0.0033945,             0.82609,             0.85035,             0.87013,             0.53316,            0.031528,            0.038826,           0.0039279,           0.0023807,           0.0023807,           0.0023807
                 260,            0.019808,              0.0198,           0.0036265,             0.83132,             0.83206,             0.86298,             0.52834,             0.03162,            0.039736,           0.0037788,           0.0023631,           0.0023631,           0.0023631
                 261,            0.019297,            0.019949,           0.0032358,             0.84564,              0.8096,             0.85537,             0.53184,            0.031624,            0.039277,           0.0036874,           0.0023458,           0.0023458,           0.0023458
                 262,            0.019243,            0.019755,           0.0033998,             0.83086,              0.8613,             0.86474,             0.53249,            0.031496,            0.039044,           0.0036885,            0.002329,            0.002329,            0.002329
                 263,            0.018447,            0.018729,            0.002933,             0.82548,             0.85044,             0.87445,             0.53723,            0.031377,            0.038678,           0.0036909,           0.0023125,           0.0023125,           0.0023125
                 264,             0.01922,            0.019131,           0.0036409,             0.83799,             0.84663,             0.87499,             0.53552,            0.031281,            0.038427,            0.003673,           0.0022965,           0.0022965,           0.0022965
                 265,            0.019168,            0.019662,           0.0031586,             0.84845,             0.84599,              0.8704,              0.5335,            0.031359,             0.03879,           0.0036501,           0.0022809,           0.0022809,           0.0022809
                 266,            0.019084,            0.019701,           0.0030554,             0.83832,             0.86049,              0.8722,             0.53317,            0.031658,            0.039032,           0.0036985,           0.0022657,           0.0022657,           0.0022657
                 267,            0.019236,            0.019938,           0.0029157,             0.84784,             0.85415,             0.87606,             0.53262,            0.031796,            0.039025,           0.0037714,           0.0022509,           0.0022509,           0.0022509
                 268,            0.018899,            0.019725,           0.0033192,             0.83181,             0.86296,              0.8732,             0.54058,             0.03113,            0.037296,           0.0035406,           0.0022365,           0.0022365,           0.0022365
                 269,            0.018994,            0.020552,           0.0034001,             0.84521,             0.85789,              0.8737,             0.53601,            0.031139,            0.037616,           0.0035173,           0.0022225,           0.0022225,           0.0022225
                 270,            0.019217,             0.01994,           0.0033081,              0.8479,             0.85767,             0.87192,             0.53385,            0.031161,            0.038052,           0.0034929,           0.0022089,           0.0022089,           0.0022089
                 271,            0.019288,            0.018929,           0.0030596,              0.8428,             0.85083,             0.86804,                0.54,            0.031372,            0.038633,           0.0035428,           0.0021958,           0.0021958,           0.0021958
                 272,            0.018745,            0.018361,           0.0032465,             0.84342,             0.85289,             0.86454,             0.53264,            0.031463,            0.039266,           0.0037151,            0.002183,            0.002183,            0.002183
                 273,            0.018693,            0.020422,           0.0032887,             0.84161,             0.84875,             0.86505,             0.53279,            0.031278,            0.039081,           0.0038226,           0.0021707,           0.0021707,           0.0021707
                 274,            0.019543,              0.0211,           0.0033713,             0.83534,             0.84821,             0.86558,             0.52691,            0.031412,            0.038525,            0.003811,           0.0021588,           0.0021588,           0.0021588
                 275,             0.01901,            0.020519,           0.0037153,             0.86713,             0.81867,             0.86478,             0.52863,            0.031656,            0.038665,           0.0037856,           0.0021473,           0.0021473,           0.0021473
                 276,            0.019478,            0.020002,            0.003498,              0.8186,             0.86545,             0.86805,              0.5318,            0.031531,            0.038806,            0.003766,           0.0021363,           0.0021363,           0.0021363
                 277,            0.018735,            0.019189,           0.0033275,             0.82415,              0.8717,             0.86902,              0.5347,            0.031476,            0.039279,           0.0037144,           0.0021257,           0.0021257,           0.0021257
                 278,            0.019286,            0.020039,           0.0031832,             0.84076,             0.83772,             0.86599,              0.5281,            0.031416,            0.039511,           0.0036472,           0.0021155,           0.0021155,           0.0021155
                 279,            0.018795,            0.019582,           0.0034084,             0.81694,             0.86582,             0.86696,             0.53479,            0.031364,            0.039177,           0.0035386,           0.0021057,           0.0021057,           0.0021057
                 280,            0.018965,            0.020545,           0.0031885,             0.83482,             0.85556,             0.87348,             0.54181,            0.031065,            0.038901,           0.0035561,           0.0020963,           0.0020963,           0.0020963
                 281,            0.018925,             0.01989,           0.0034292,             0.80711,              0.8671,             0.86431,             0.53507,             0.03102,            0.039245,           0.0036058,           0.0020874,           0.0020874,           0.0020874
                 282,            0.019035,            0.020081,           0.0032592,             0.83765,             0.83281,             0.86122,             0.53277,            0.031022,            0.038873,            0.003562,           0.0020789,           0.0020789,           0.0020789
                 283,              0.0188,            0.020128,           0.0036021,             0.84053,             0.84706,              0.8679,             0.52926,            0.031133,            0.038901,           0.0035383,           0.0020709,           0.0020709,           0.0020709
                 284,            0.018944,            0.019548,           0.0031391,             0.85444,               0.838,              0.8702,             0.53372,            0.031105,            0.038323,            0.003619,           0.0020632,           0.0020632,           0.0020632
                 285,            0.018371,            0.020424,           0.0032053,             0.81716,             0.86745,             0.87007,             0.53391,            0.031064,             0.03785,            0.003483,            0.002056,            0.002056,            0.002056
                 286,            0.018268,            0.019831,           0.0030381,              0.8354,             0.86122,             0.86763,             0.53866,            0.031114,            0.037804,           0.0034844,           0.0020492,           0.0020492,           0.0020492
                 287,            0.017669,            0.017898,           0.0026305,              0.8422,             0.86565,             0.87334,             0.53836,            0.031351,            0.037575,           0.0036041,           0.0020429,           0.0020429,           0.0020429
                 288,            0.018509,            0.019354,           0.0033437,             0.81728,             0.87518,             0.87187,             0.53995,            0.031021,            0.037588,           0.0037264,            0.002037,            0.002037,            0.002037
                 289,            0.018476,            0.018506,           0.0034325,              0.8232,             0.85064,             0.87173,             0.54031,             0.03074,            0.037804,           0.0038717,           0.0020315,           0.0020315,           0.0020315
                 290,            0.018376,             0.01895,           0.0033106,              0.8416,             0.85144,             0.86673,             0.53571,            0.031025,            0.038067,            0.003872,           0.0020265,           0.0020265,           0.0020265
                 291,            0.019084,            0.019749,           0.0033873,             0.85022,             0.83876,              0.8687,             0.53522,            0.031181,             0.03819,           0.0038101,           0.0020219,           0.0020219,           0.0020219
                 292,            0.019146,            0.020502,           0.0031973,             0.85017,             0.82903,             0.86304,             0.52945,            0.031149,            0.038817,           0.0037826,           0.0020178,           0.0020178,           0.0020178
                 293,            0.018783,            0.019038,           0.0032698,             0.82757,             0.86257,             0.86662,             0.53558,            0.031199,            0.038787,           0.0038626,            0.002014,            0.002014,            0.002014
                 294,            0.018594,            0.019224,           0.0031964,             0.81829,             0.86295,             0.86647,             0.54073,            0.031124,            0.038324,           0.0038543,           0.0020107,           0.0020107,           0.0020107
                 295,            0.018897,            0.019918,           0.0032806,             0.83751,             0.84329,             0.86945,             0.54484,            0.031207,            0.038149,           0.0038163,           0.0020079,           0.0020079,           0.0020079
                 296,            0.018557,             0.01956,           0.0032099,             0.84399,             0.82943,             0.87048,             0.54383,            0.031121,            0.037898,           0.0037421,           0.0020055,           0.0020055,           0.0020055
                 297,            0.018692,            0.019115,           0.0030984,             0.83906,             0.83579,             0.86799,               0.543,            0.031057,            0.038348,           0.0038362,           0.0020035,           0.0020035,           0.0020035
                 298,            0.017836,            0.018684,           0.0027545,             0.83134,             0.84361,             0.86615,             0.53901,            0.031292,            0.038582,           0.0039764,            0.002002,            0.002002,            0.002002
                 299,            0.018197,            0.019088,           0.0031128,             0.82824,             0.83697,             0.86601,              0.5366,            0.031295,            0.038463,           0.0039736,           0.0020009,           0.0020009,           0.0020009
